-9.961628978567875770e-01,-3.222239240040965513e-01,2.102452777979864074e+00
-1.000674345345966776e+00,-3.243102759026988968e-01,2.110989671614631469e+00
-1.003531570250786320e+00,-3.259028823800365626e-01,2.116050427866909001e+00
-1.010625870001178095e+00,-3.285718185864323626e-01,2.134382785626657064e+00
-1.010625870001178095e+00,-3.285718185864323626e-01,2.134382785626657064e+00
-1.212080405471672062e+00,-4.070043872720797151e-01,2.700460687326565967e+00
-1.288729734990846865e+00,-4.374200740479556870e-01,2.917140336797099387e+00
-1.324403453776651807e+00,-4.597465784563961044e-01,3.022023524636733960e+00
-1.134250212325518703e+00,-3.898591216213808108e-01,2.492583536530372346e+00
-1.134250212325518703e+00,-3.898591216213808108e-01,2.492583536530372346e+00
-1.060025209050778017e+00,-3.653388863729024605e-01,2.292677917348922456e+00
-1.021218474723950331e+00,-3.519491202825887344e-01,2.188855120732107640e+00
-1.028995747481076029e+00,-3.560377994717469075e-01,2.208239211505505395e+00
-1.031966401334519334e+00,-3.575995359529109408e-01,2.215643275339929996e+00
-1.039941241529260152e+00,-3.621776629950166915e-01,2.235064542906965990e+00
-1.045363285874086667e+00,-3.681775921698144383e-01,2.254806466636786855e+00
-1.043662754174736973e+00,-3.682321843606058964e-01,2.258438237900545875e+00
-1.033542616750378285e+00,-3.648355438518686711e-01,2.240205258320591586e+00
-1.041750629695614938e+00,-3.680849337705990876e-01,2.264748215064801062e+00
-1.044885811660596353e+00,-3.693260902768528697e-01,2.274122790356670532e+00
-1.044705700425136774e+00,-3.729558607053323205e-01,2.276854051395586609e+00
-1.045296405238626436e+00,-3.739244152674888744e-01,2.278133747440623136e+00
-1.029801850634421978e+00,-3.665382901470738419e-01,2.247667506010845972e+00
-1.046137281854133017e+00,-3.664613615727356777e-01,2.276246848772172537e+00
-1.060805857530906726e+00,-3.582380105257533809e-01,2.297273389209379957e+00
-1.068669089014629314e+00,-3.586867365660802442e-01,2.312012119598416682e+00
-1.068364834051898526e+00,-3.497882629196488735e-01,2.311043008803229881e+00
-1.065238887107103682e+00,-3.469777510827128930e-01,2.304526594363000669e+00
-1.073437679142439594e+00,-3.445222470819235827e-01,2.317605463961541101e+00
-1.076414792287854638e+00,-3.417847650098871926e-01,2.323476194585904597e+00
-1.060130282224240883e+00,-3.330777965569399757e-01,2.296773791820492239e+00
-1.074692493172328511e+00,-3.314422222560678422e-01,2.321631439082060044e+00
-1.081986937747752453e+00,-3.243271739163248735e-01,2.341102683733109036e+00
-1.084253265479100836e+00,-3.230175931010015322e-01,2.346432792349719687e+00
-1.086412132031997269e+00,-3.185339814991945406e-01,2.352405209140560949e+00
-1.088543457230094491e+00,-3.025007081122064179e-01,2.350614194203040075e+00
-1.087619632403048486e+00,-2.988369065895900012e-01,2.348233272831337981e+00
-1.099735046834976915e+00,-2.958902120615495290e-01,2.366600766533687228e+00
-1.103109978443519879e+00,-2.862397964649164850e-01,2.372628371825735272e+00
-1.119955555182071905e+00,-2.807889170985763960e-01,2.398822294876806538e+00
-1.122744483138696570e+00,-2.646879974466898600e-01,2.386691347707166511e+00
-1.124160953263389606e+00,-2.619002840570297530e-01,2.386284715989978267e+00
-1.130403623406708524e+00,-2.595463588382664333e-01,2.392921349408571263e+00
-1.146564867959501965e+00,-2.549571287057455504e-01,2.411623914005716074e+00
-1.150928387784484475e+00,-2.539671456924732507e-01,2.418032153678656204e+00
-1.153509340045489440e+00,-2.488745490224946733e-01,2.418818109628334767e+00
-1.156457478669603578e+00,-2.391852645800705279e-01,2.411698695770990053e+00
-1.172167174133932344e+00,-2.330118668767323653e-01,2.436834817315082891e+00
-1.172651352674777714e+00,-2.211562965715991869e-01,2.421469284286347445e+00
-1.198756698432480006e+00,-2.163558866960050286e-01,2.457959913039550859e+00
-1.212687808165493486e+00,-2.060962789424192476e-01,2.454313160435281027e+00
-1.218846012680388835e+00,-2.049359430847576546e-01,2.461843110093546727e+00
-1.226877314275045983e+00,-2.050577296033320451e-01,2.466403452943653818e+00
-1.246073398149512679e+00,-1.969670321187896866e-01,2.468106872858630396e+00
-1.248731289978370240e+00,-1.955569482961041772e-01,2.467850625240436191e+00
-1.248322195483201336e+00,-1.925877403889975081e-01,2.454277648630655673e+00
-1.268951118312858339e+00,-1.835939927993758825e-01,2.462057975630445483e+00
-1.268408636895505426e+00,-1.815255191355107101e-01,2.456273887247360843e+00
-1.290726245550470663e+00,-1.769834217154636347e-01,2.482625092019398849e+00
-1.280569457312711323e+00,-1.668435091935038528e-01,2.451018248258332033e+00
-1.315886871589976970e+00,-1.647496264899782070e-01,2.505244988071998691e+00
-1.304926384488474866e+00,-1.554459179504202315e-01,2.480629036030132628e+00
-1.319399101680856834e+00,-1.497617924625394004e-01,2.501956892802098320e+00
-1.332511180628358272e+00,-1.430807716798617180e-01,2.520293290759611615e+00
-1.335327721586378358e+00,-1.363722536034130406e-01,2.515052630261950917e+00
-1.353087629536005920e+00,-1.290712033987664598e-01,2.532067708939672812e+00
-1.353744133880200984e+00,-1.230860248852601591e-01,2.529895717487325779e+00
-1.353994896225921396e+00,-1.207998901218363258e-01,2.529066090575803560e+00
-1.349827239162867620e+00,-1.143211792219356454e-01,2.518239188548740515e+00
-1.350253100792327965e+00,-1.053283814198826274e-01,2.520285437314019994e+00
-1.337376206419022218e+00,-8.792209872998484055e-02,2.495840651546687550e+00
-1.326360891010237797e+00,-8.167985484879961011e-02,2.477224513905660785e+00
-1.352486174501767557e+00,-7.667138374391682665e-02,2.535000177364010732e+00
-1.339782080079803483e+00,-7.176835124848419956e-02,2.522344468953281460e+00
-1.304173952880075094e+00,-6.514403298073309645e-02,2.469916745534579849e+00
-1.294921232946091072e+00,-5.675042791661012720e-02,2.466052758121907829e+00
-1.293250109803094849e+00,-4.399800369412853324e-02,2.483262663451105912e+00
-1.288578943575072522e+00,-4.038854314325451139e-02,2.479660355029709162e+00
-1.303362182023793503e+00,-2.811982878654617490e-02,2.516063844059934329e+00
-1.505825033546312586e+00,-1.802193426097096346e-02,3.033712312924170540e+00
-1.375587345733993327e+00,-1.682640067852372509e-02,2.716794242816949811e+00
-1.291944743234572313e+00,-1.242255478236227104e-02,2.543243936071988731e+00
-1.276291342432370524e+00,-1.171581101420681413e-02,2.515021386823030003e+00
-1.232794288537624183e+00,-6.375487072005951543e-03,2.458762937753760536e+00
-1.215533859774810432e+00,-3.444969550125244820e-03,2.445042150150855242e+00
-1.218142583130865209e+00,-8.515731491221482236e-04,2.468692418630110907e+00
-1.190390458891634307e+00,9.488069654478743786e-03,2.447651827645161760e+00
-1.179374350732882659e+00,1.258191282137796976e-02,2.435362219554698004e+00
-1.164047458212608799e+00,2.307881254683169861e-02,2.446605078226379515e+00
-1.126238950949923989e+00,3.472961093847182212e-02,2.419850369014497016e+00
-1.120093156227626396e+00,3.648679815388900655e-02,2.415333982247077405e+00
-1.108661832289770111e+00,3.798649381408519127e-02,2.403503359268440942e+00
-1.105916347103859998e+00,3.803918593436293738e-02,2.426298550342669724e+00
-1.089442250079936114e+00,4.265834645008560744e-02,2.418980739119215961e+00
-1.067407637396390552e+00,4.635697188190823076e-02,2.401792226564472887e+00
-1.048742410716489992e+00,4.914519256395826624e-02,2.374147269341709610e+00
-1.037937913831093795e+00,5.360173881033497567e-02,2.368699405858493368e+00
-1.031283572087775324e+00,6.128579748472627597e-02,2.382003109454696510e+00
-1.017313015147047084e+00,6.752933866534474583e-02,2.376786931662354441e+00
-1.010263353915406892e+00,7.163255762008784167e-02,2.391695286504661233e+00
-1.005167807249712331e+00,7.289485526282064864e-02,2.391137416834397733e+00
-9.959515127121266742e-01,7.455216944457938866e-02,2.407779244502405991e+00
-9.954522678098659538e-01,7.477237972067179994e-02,2.415104273884479458e+00
-9.844135328468172075e-01,7.487961409473055385e-02,2.396605891854998394e+00
-9.883793270203797832e-01,7.369969489860686562e-02,2.424420629836619323e+00
-9.928791331407874621e-01,6.290129969609918603e-02,2.487375786134782718e+00
-9.969326564312716021e-01,5.849962612980966203e-02,2.509234626973772642e+00
-1.028005859198872773e+00,4.128354435300550518e-02,2.623832553760857778e+00
-1.128944068985910043e+00,5.350310399945344686e-03,2.942251155207273428e+00
-1.102783002219938302e+00,-2.461749764974046836e-03,2.883995138474452435e+00
-1.087437633707110551e+00,-1.526796983462969104e-02,2.858111952086462182e+00
-1.081709769779759078e+00,-2.960653517423491102e-02,2.852804611515098898e+00
-1.261930123353438571e+00,-4.714667005164033253e-02,3.338282565354498299e+00
-1.281354194545558656e+00,-9.335036330096310730e-02,3.419840780187608953e+00
-1.357626980974468101e+00,-1.102899711089157936e-01,3.628299293621974453e+00
-1.381333753524675689e+00,-1.523204938625661309e-01,3.735949301238788323e+00
-1.196634325118420161e+00,-2.278480732735169711e-01,3.257412172632025982e+00
-1.363167807678618226e+00,-3.093629362479697886e-01,3.704082452379766188e+00
-1.423467707694703765e+00,-3.310209434850351906e-01,3.863606740802503658e+00
-1.521253453994729110e+00,-3.769879458063872257e-01,4.131410356760802927e+00
-1.346926070312766122e+00,-3.590046796851572575e-01,3.657310880424886612e+00
-1.293886933032071473e+00,-3.492421401041536644e-01,3.509358290510481648e+00
-1.292045699990635566e+00,-3.676632942161718320e-01,3.504787195295674618e+00
-1.468898134129993149e+00,-4.375848772337279646e-01,3.978576863673426445e+00
-1.561189208226972269e+00,-4.756546155578699198e-01,4.217010483553290889e+00
-1.430339556296408077e+00,-4.753856402615484478e-01,3.881996410919952734e+00
-1.572934731666993713e+00,-5.519367804249922793e-01,4.267800192980207186e+00
-1.582555094581405308e+00,-5.754870053240777050e-01,4.285940193762389328e+00
-1.495815902480442050e+00,-5.916197812884260721e-01,4.059487327972354898e+00
-1.516292090798487591e+00,-6.088549670622638299e-01,4.120489638105767405e+00
-1.409173643691166822e+00,-5.681772161149906131e-01,3.822639025329511053e+00
-1.608153121539199537e+00,-6.682088178350418239e-01,4.352859358278701407e+00
-1.626635399599266174e+00,-6.772389196865103989e-01,4.404364568574138161e+00
-1.609964639199037428e+00,-6.744651935665967324e-01,4.366426203158923158e+00
-1.529025619878212172e+00,-6.493047870207697692e-01,4.152688883615182291e+00
-1.524967209626252540e+00,-6.628669563276563537e-01,4.170083259086117877e+00
-1.463209135704592878e+00,-7.000563424230374920e-01,4.091683290892953018e+00
-1.511607426730491532e+00,-7.353693908547113134e-01,4.244596268667385708e+00
-1.561357595361148265e+00,-7.588145331184479314e-01,4.383044544761171224e+00
-1.554210608757264467e+00,-7.640975239225515914e-01,4.376538233085145002e+00
-1.565779087133309044e+00,-7.709929423419961125e-01,4.407190312898009665e+00
-1.584284773589344386e+00,-7.843152544448264152e-01,4.460591140216372708e+00
-1.561025789437177957e+00,-7.818810072527569988e-01,4.412351736446869843e+00
-1.610603959720471101e+00,-8.251526239243923699e-01,4.585828141046611961e+00
-1.438496639664462950e+00,-7.709460838873636312e-01,4.208366967412671578e+00
-1.586579352795722597e+00,-8.994855148463568595e-01,4.695933451305402073e+00
-1.529961735064245154e+00,-8.507398660043726801e-01,4.542926624457779283e+00
-1.461395387721536210e+00,-8.277915717277865015e-01,4.368226568078724448e+00
-1.575018975401843768e+00,-9.036839210401393929e-01,4.690916583521043570e+00
-1.595139774577177150e+00,-9.166793182512605886e-01,4.738211604458696158e+00
-1.481399254054938552e+00,-8.822268894532225847e-01,4.449708388447709773e+00
-1.490411222989244777e+00,-8.748248698877988394e-01,4.473155019293257872e+00
-1.499535198661893665e+00,-8.728292245733096921e-01,4.490478020781845103e+00
-1.494883102992254242e+00,-8.803799743858887750e-01,4.506281817197107742e+00
-1.515353008242778854e+00,-9.024954886308366175e-01,4.576328376626796590e+00
-1.510664800891489135e+00,-8.925286634331605073e-01,4.561311464143289029e+00
-1.535786349920038818e+00,-9.300195662742287706e-01,4.668719075789000250e+00
-1.510070486728873895e+00,-9.063892507092748962e-01,4.597592123733367231e+00
-1.520282817501696915e+00,-9.189305296528657019e-01,4.639120405068607234e+00
-1.544449003231003203e+00,-9.540277281536791998e-01,4.744900002663752225e+00
-1.545835846765023724e+00,-9.568756897361014868e-01,4.752342517491733531e+00
-1.524023156696420189e+00,-9.513384426195131693e-01,4.707010414604990700e+00
-1.452622959596542529e+00,-9.223907529100968672e-01,4.545368315830248029e+00
-1.434844124649109931e+00,-9.161086747821044485e-01,4.507895727357560389e+00
-1.455272435912215334e+00,-9.619215214857042007e-01,4.617311237673141555e+00
-1.488615995556028526e+00,-9.971763093915280152e-01,4.736298268153105617e+00
-1.565865441957141391e+00,-1.040490212997885688e+00,4.987493950516752150e+00
-1.376253299874760749e+00,-9.163251585135829824e-01,4.459212038854260207e+00
-1.282938615349868972e+00,-8.686846385376372215e-01,4.175617558171002663e+00
-1.434138693457881697e+00,-1.004160830249556158e+00,4.723846935079671461e+00
-1.466848956258490322e+00,-1.030084095690260160e+00,4.835829191033174546e+00
-1.412273445064559318e+00,-9.889807448968527259e-01,4.675794256671587767e+00
-1.388683116042727095e+00,-1.005208699326530786e+00,4.643195363038583601e+00
-1.456102922653098597e+00,-1.076024828037716485e+00,4.890962915673430444e+00
-1.445640831338049770e+00,-1.068358571615072750e+00,4.889387538633101826e+00
-1.405796928213308927e+00,-1.040186666523044812e+00,4.765820660152388477e+00
-1.335437519802720852e+00,-1.022816462378343116e+00,4.632499120744997256e+00
-1.341872727161379508e+00,-1.054409574249453696e+00,4.774471764996171430e+00
-1.336720326941635451e+00,-1.054327317379113449e+00,4.776487154434544635e+00
-1.300425206688144986e+00,-1.047943585810803713e+00,4.709664113637959559e+00
-1.240707258758858567e+00,-1.015213009441919167e+00,4.560140548994319865e+00
-1.271595365589445858e+00,-1.068414628648473030e+00,4.748612339269035587e+00
-1.303250808097863089e+00,-1.102956197671988603e+00,4.857352200172230461e+00
-1.165215250161822258e+00,-1.005922500377885109e+00,4.406680402571661048e+00
-1.314885470544798984e+00,-1.153017071175785446e+00,4.965473908411988546e+00
-1.227399783726614624e+00,-1.099117840866054019e+00,4.756018733992086744e+00
-1.207491734267709393e+00,-1.087996056354244567e+00,4.709801480869399981e+00
-1.239899155441181566e+00,-1.158297272605645079e+00,4.877663346118925602e+00
-1.255021162767136378e+00,-1.189473401917397366e+00,4.950426359416394639e+00
-1.229312179544493455e+00,-1.186602294061225749e+00,4.940903228005921299e+00
-1.191656043325119319e+00,-1.157050339639152048e+00,4.829632504046456276e+00
-1.177272679174314440e+00,-1.145762497483907572e+00,4.787130869446747816e+00
-1.147663540694427109e+00,-1.120489560958733311e+00,4.691217788728608618e+00
-1.201266273455596778e+00,-1.168750459637963868e+00,4.948329165449116829e+00
-1.094921966718756856e+00,-1.094859600228143215e+00,4.555594493527514111e+00
-1.069551299946048362e+00,-1.077633847979455162e+00,4.464866204752845569e+00
-1.176935831391323850e+00,-1.228369798476511399e+00,4.977142545206607593e+00
-1.139916770979695571e+00,-1.222557033481069810e+00,4.940673954950101532e+00
-1.110690856564118700e+00,-1.201782446837460716e+00,4.850776458139672620e+00
-1.080394084929038323e+00,-1.179886753024649737e+00,4.766550761798685976e+00
-1.064301250645895092e+00,-1.179079921583833235e+00,4.771378686199221342e+00
-1.060919624798262406e+00,-1.181200516127561384e+00,4.773070701218034451e+00
-1.120136345944108491e+00,-1.265211005703654301e+00,5.012303154031689800e+00
-1.085559401949108826e+00,-1.234614012735138155e+00,4.878829862374498560e+00
-1.059956386964650665e+00,-1.210568293871476353e+00,4.795597586339195750e+00
-1.023947481600329557e+00,-1.175309973683944964e+00,4.665224030485092044e+00
-1.034172686492017990e+00,-1.214303964459920504e+00,4.751553818593240663e+00
-1.035433017036231140e+00,-1.219963486181535384e+00,4.762974826667079498e+00
-1.042219639613745974e+00,-1.233963673422768137e+00,4.857347618934686473e+00
-1.014335814093575650e+00,-1.267141023217271956e+00,4.891402940683846623e+00
-1.006454605032605309e+00,-1.272206104083728251e+00,4.903124871770145887e+00
-9.729816704315654707e-01,-1.226884596871851363e+00,4.708589760357342335e+00
-9.778904553768794639e-01,-1.241920120958935891e+00,4.758278587774893431e+00
-9.766101563553669651e-01,-1.239813321247434930e+00,4.795053167660893401e+00
-9.478780960449755266e-01,-1.242806884522179356e+00,4.747058414852314279e+00
-9.482008079459024463e-01,-1.244793447217103388e+00,4.755607763434157143e+00
-9.915456087167269228e-01,-1.295225632803776117e+00,4.940689525615661104e+00
-1.029987880278718126e+00,-1.379568808159769677e+00,5.179064073442561700e+00
-9.709559823915445698e-01,-1.328639055902537391e+00,4.953836784712041919e+00
-9.137472342407985115e-01,-1.265694124731926218e+00,4.745414149209938870e+00
-9.101625296765021300e-01,-1.261870963062861062e+00,4.740459278375987573e+00
-9.395621336073978203e-01,-1.313327515094596443e+00,4.876509027424944520e+00
-9.819228036063705201e-01,-1.396203334387902339e+00,5.105077622815319849e+00
-1.010985797784892615e+00,-1.469946311979859033e+00,5.298693205306500786e+00
-9.460303163681764715e-01,-1.375825478880630781e+00,5.031701913028208573e+00
-9.374444865884186129e-01,-1.366272211882536114e+00,5.006742503391226506e+00
-9.312139828049645907e-01,-1.361900614415447075e+00,4.984356311687608176e+00
-9.050997867767190952e-01,-1.350582475282486428e+00,4.879954559245351042e+00
-8.846542628781484119e-01,-1.313543888997014353e+00,4.771859317778998744e+00
-8.648201345189172606e-01,-1.290256043147634202e+00,4.652085534980367143e+00
-8.676968063311019108e-01,-1.286529096646665371e+00,4.628418654604542049e+00
-8.626043552875953813e-01,-1.276264446015691778e+00,4.594268618742114896e+00
-8.617524771773121817e-01,-1.276273542560769414e+00,4.638802957950306727e+00
-8.892823281672361801e-01,-1.327681690175866569e+00,4.824870830998078119e+00
-9.337373719943774519e-01,-1.422508800174506538e+00,5.091909488467793565e+00
-8.938258247230118636e-01,-1.348961746230423975e+00,4.866302457690151684e+00
-7.841477245380824579e-01,-1.214645312423402901e+00,4.340352475386342945e+00
-7.742450030687533236e-01,-1.208832807037518053e+00,4.302106667374439475e+00
-8.933020919195920895e-01,-1.371913961402081439e+00,4.928141715961087854e+00
-8.810771491550433154e-01,-1.347474111715751821e+00,4.815178831104399926e+00
-8.712088496586730679e-01,-1.328117159399975433e+00,4.744669403159166521e+00
-9.000841033267458213e-01,-1.381365150312265699e+00,4.895475927467070498e+00
-9.070008450862988569e-01,-1.395650023990391952e+00,4.926242982375817370e+00
-9.075910791654117071e-01,-1.403291239506160748e+00,4.940983907188331692e+00
-9.099704867682362197e-01,-1.399786539653476547e+00,4.965176946606701058e+00
-8.922644629079087286e-01,-1.372149941029399356e+00,4.863105029347938313e+00
-8.743946717642275823e-01,-1.346421148308459159e+00,4.772468439406801544e+00
-8.574585424250604770e-01,-1.317023860623991238e+00,4.678226488941191974e+00
-9.244138724083321712e-01,-1.402983975392266602e+00,4.979724444964218399e+00
-9.348909814623245218e-01,-1.417967931928165282e+00,4.964486304113649773e+00
-9.353172905584015151e-01,-1.418195805525234610e+00,4.962240228922674135e+00
-9.527688592990087857e-01,-1.437684742746896616e+00,5.039422866506500398e+00
-9.312145813282143303e-01,-1.415831840174197165e+00,4.929603811360642851e+00
-9.357817975113050801e-01,-1.411039201520647213e+00,4.934109251478685287e+00
-9.460714687695146452e-01,-1.420419598294634156e+00,4.928624767513802851e+00
-9.172918028619228004e-01,-1.373293564957936752e+00,4.796252368487744278e+00
-9.861648611236280004e-01,-1.473091234827486717e+00,5.128020568337971596e+00
-9.960566618516162318e-01,-1.487679224826842894e+00,5.109312820530476529e+00
-1.063800667661652710e+00,-1.599915103313468423e+00,5.425614792952824672e+00
-1.012609891033150467e+00,-1.505941548823193088e+00,5.134408462202087797e+00
-9.758442232915330861e-01,-1.446692210227625841e+00,4.951187461990966376e+00
-1.059923424375448953e+00,-1.560928450428923364e+00,5.279814830560090044e+00
-1.078546028062516760e+00,-1.588604943282299509e+00,5.355481481570628866e+00
-1.083209538028093721e+00,-1.596882434948678764e+00,5.370662222398302710e+00
-1.025469063185030061e+00,-1.481428513236495048e+00,5.013774816153074632e+00
-1.025587169141126687e+00,-1.479242322806114451e+00,5.004399449758551555e+00
-1.076147085650487556e+00,-1.552888787892765077e+00,5.229972403707930262e+00
-1.055586884293078676e+00,-1.527376331968172796e+00,5.103566781752883585e+00
-1.051146870298772740e+00,-1.521467340548558811e+00,5.075331129442642641e+00
-1.051334719992539579e+00,-1.520242550322109532e+00,5.084256314930593490e+00
-1.158255982848618970e+00,-1.669739558304188520e+00,5.561716384150869885e+00
-1.130636502916373631e+00,-1.609565240921615237e+00,5.310316918421008836e+00
-1.045890216499377745e+00,-1.504468303031794463e+00,4.970355201338901630e+00
-1.017870785468491190e+00,-1.468807412576639937e+00,4.850629058022225770e+00
-1.036686645041945187e+00,-1.495265955605658226e+00,4.940277387980144930e+00
-1.068953972762875182e+00,-1.539696390520819413e+00,5.056178957146225450e+00
-1.070521799707944810e+00,-1.540549891515835990e+00,5.060134618647126992e+00
-1.093210150071657116e+00,-1.545384519458010475e+00,5.120114901426555676e+00
-1.050091445485486608e+00,-1.483756326860965036e+00,4.861249178911375424e+00
-1.098318349794553672e+00,-1.554463901389027125e+00,5.057623832060089697e+00
-1.106381129585946699e+00,-1.566285095620150170e+00,5.090454585093756812e+00
-1.233251892907023972e+00,-1.764893671616595938e+00,5.641697236629126699e+00
-1.212983315710034260e+00,-1.741865085920981659e+00,5.540676860519647917e+00
-1.180638444698274281e+00,-1.700450076416774703e+00,5.380423139463675675e+00
-1.131707239777952179e+00,-1.621017238479810940e+00,5.155505265901374479e+00
-1.095580521017851305e+00,-1.570957711590821315e+00,4.986481460137087041e+00
-1.080546640307018968e+00,-1.554510606420923757e+00,4.920043731731323255e+00
-1.073092841321908963e+00,-1.534213357040098202e+00,4.870139206207942273e+00
-1.091291614576177516e+00,-1.556991930586111961e+00,4.948839614397273934e+00
-1.208665759697364006e+00,-1.712285117036020488e+00,5.395603291876780006e+00
-1.146432393037389197e+00,-1.632347884006646765e+00,5.111830562415788926e+00
-1.109289717314017709e+00,-1.599595900152858352e+00,4.962223361805585320e+00
-1.152394488077531864e+00,-1.653695100324846790e+00,5.123961497691568390e+00
-1.162138075100824119e+00,-1.659486875202321521e+00,5.125128163040244544e+00
-1.130245867701865192e+00,-1.607732497889116541e+00,4.993217673123606204e+00
-1.085489365245126736e+00,-1.552117203835423176e+00,4.790633221773375361e+00
-1.091586002604531869e+00,-1.571185293695728014e+00,4.835755240884970441e+00
-1.148437905210641041e+00,-1.657435611449281421e+00,5.060989020187100174e+00
-1.152500176747980110e+00,-1.660289229460436999e+00,5.071630748613073614e+00
-1.130076105424467237e+00,-1.624842639889890084e+00,4.944619998122372628e+00
-1.227195979031049600e+00,-1.780691737919723794e+00,5.393279178275115271e+00
-1.179612081670323276e+00,-1.721651042959593259e+00,5.206265443281426819e+00
-1.243628095281263057e+00,-1.820371424005443828e+00,5.437518950614093072e+00
-1.254721091717724279e+00,-1.837473778641488753e+00,5.475391440170002788e+00
-1.216904643960513344e+00,-1.780777784066050806e+00,5.315538098794726274e+00
-1.210595406293793586e+00,-1.771540798648816750e+00,5.287817047989316954e+00
-1.206240217967463835e+00,-1.764535441714590425e+00,5.271632073639301197e+00
-1.229029617676544284e+00,-1.794545852115948970e+00,5.349590890022644984e+00
-1.141121051809059539e+00,-1.681937537419615047e+00,4.989896319101188027e+00
-1.132777859579564561e+00,-1.672806131827857534e+00,4.950033703009109054e+00
-1.118111787974064963e+00,-1.665789888156098852e+00,4.908402977058641703e+00
-1.187136025102774717e+00,-1.791680358931851735e+00,5.239257903074127753e+00
-1.186365775017602209e+00,-1.797950884986967868e+00,5.248555441388071507e+00
-1.087575083274069154e+00,-1.666178234604389408e+00,4.898954846691082388e+00
-1.074087673397243314e+00,-1.650940640289410455e+00,4.866025052417316310e+00
-1.068935941244496979e+00,-1.645120397167870729e+00,4.853446990247279658e+00
-1.084833625211674590e+00,-1.693030497628308595e+00,4.939209961959101669e+00
-1.089947601934549537e+00,-1.694073141956335959e+00,4.921215298265299687e+00
-1.130471338336936693e+00,-1.790997180450255577e+00,5.144533756228824473e+00
-1.113359233619169997e+00,-1.793962030589072665e+00,5.143302864496165583e+00
-1.092681673174117796e+00,-1.767805546718625109e+00,5.078209314261854068e+00
-1.085679262537890377e+00,-1.784161983225363679e+00,5.088406945694071482e+00
-1.048786533851501002e+00,-1.734440365796631411e+00,4.967818809222703358e+00
-1.045833772478624413e+00,-1.733598839861701268e+00,4.964117007464390774e+00
-9.933359823198930627e-01,-1.641833052117245950e+00,4.687192933318525156e+00
-1.048362902991793577e+00,-1.746882804022807267e+00,5.003928447343167996e+00
-1.069381316392215453e+00,-1.787008238740987798e+00,5.124910648256411960e+00
-1.101981280391989060e+00,-1.854556982069174742e+00,5.242006425745501019e+00
-1.087976610377457742e+00,-1.830066196317677418e+00,5.175349747328874983e+00
-1.069488823136709899e+00,-1.801650379201069851e+00,5.108332750433653757e+00
-1.044079794690437879e+00,-1.787543400931071780e+00,5.037227288159239258e+00
-1.115553800956703867e+00,-1.937305310799552593e+00,5.366500076340138037e+00
-1.068462821769132765e+00,-1.844450543371355833e+00,5.136794280190260409e+00
-1.122125644677766765e+00,-1.943795783355959594e+00,5.383465449204869913e+00
-1.102268920047979828e+00,-1.928007689057294582e+00,5.315375730815603106e+00
-1.054354947711392487e+00,-1.841190172299362215e+00,5.114479993032960969e+00
-1.059397828207603975e+00,-1.852361513656160641e+00,5.143636064336490676e+00
-1.032423135482010368e+00,-1.837683718419648837e+00,5.068342050795868303e+00
-1.013524241436629447e+00,-1.791263003322794312e+00,4.987861876607138534e+00
-1.023950648682045328e+00,-1.813907252768905076e+00,5.033427454714033189e+00
-1.001224934962127389e+00,-1.783480710914275180e+00,4.956038857806086995e+00
-9.870634439386617442e-01,-1.806091062990216489e+00,4.961540769286019170e+00
-9.673519408252662100e-01,-1.775265473223049062e+00,4.882665977890847664e+00
-9.437813844130854557e-01,-1.748661033218920746e+00,4.833457763796260132e+00
-9.465860937303658407e-01,-1.722860840342129940e+00,4.762633143996605867e+00
-1.014167807388539400e+00,-1.855518737719838995e+00,5.124130005692015821e+00
-9.880956011821887541e-01,-1.824398329814036490e+00,5.140580211149395673e+00
-9.317891166462429764e-01,-1.756440339687304952e+00,4.989833125999121322e+00
-7.935044523350704981e-01,-1.510932182339831398e+00,4.307536130095654059e+00
-9.087654995966479854e-01,-1.751608757386238224e+00,5.121242545272037816e+00
-8.613172737469187989e-01,-1.682084976811073274e+00,4.959212058611937479e+00
-7.863633150231922331e-01,-1.605185063820086855e+00,4.757293337325314120e+00
-7.137205503021866182e-01,-1.476852353731217926e+00,4.696864834422724400e+00
-7.084508465082318684e-01,-1.462699682386037425e+00,4.697546625564195111e+00
-6.015898551545428852e-01,-1.288050077288423578e+00,4.223887623136133307e+00
-5.888711110109995372e-01,-1.267727424270590708e+00,4.178640713649056870e+00
-5.748431602388542894e-01,-1.256852531608799728e+00,4.188299619259142403e+00
-5.991849304401295484e-01,-1.309580253438365149e+00,4.479265520622762509e+00
-5.074401570862536737e-01,-1.161668377935523910e+00,4.195459278077138698e+00
-4.838192761115469587e-01,-1.119712382363825531e+00,4.082241987089465063e+00
-4.695082813867988425e-01,-1.101022934589324986e+00,4.062833827337125392e+00
-4.365293911786515269e-01,-1.049573727950286584e+00,4.002761052689748134e+00
-3.704916836369198663e-01,-1.002415385062792375e+00,4.168841293500816114e+00
-2.968509149207652076e-01,-9.169061328269098032e-01,4.190858656571130325e+00
-2.716501433676787869e-01,-8.725679461916630020e-01,4.121672790247096430e+00
-2.675766213755911838e-01,-9.094773697600976314e-01,4.425682483441202741e+00
-1.958143088749768612e-01,-8.020990534326772892e-01,4.329949656749076503e+00
-1.824830255100042264e-01,-7.897050455294867266e-01,4.396422806093863933e+00
-1.375429032400205809e-01,-7.203765664491057485e-01,4.415622638155274338e+00
-1.266658175562847266e-01,-6.950685292097954493e-01,4.353391159590666248e+00
-1.127542817257154439e-01,-6.795032786035946071e-01,4.307885061014282257e+00
-8.690514278585023678e-02,-6.420496110284124036e-01,4.393242450312321523e+00
-7.991334826836371530e-02,-6.270277611141482632e-01,4.361690168409332102e+00
-3.720418343186368548e-02,-5.714619867475223547e-01,4.410722991622882283e+00
-2.915934476166501949e-02,-5.624498280893098778e-01,4.426382487664128007e+00
-1.579645649587567424e-02,-5.365443400998148871e-01,4.429447754806894899e+00
1.998271744075748313e-04,-5.200062958774057664e-01,4.494117228790088348e+00
1.455733979360904901e-02,-4.783033450128882369e-01,4.429181931993749544e+00
2.125121136666165145e-02,-4.362806539981651799e-01,4.243955820106802612e+00
4.383751205056379135e-02,-4.117105237184917055e-01,4.525246225944552947e+00
5.058499902841809975e-02,-4.036242297298913151e-01,4.591452419594919121e+00
8.803095386259708610e-02,-3.267322723547622099e-01,4.597975937370687660e+00
9.393736621897398609e-02,-3.196482648970075391e-01,4.651210731655240238e+00
9.555593788785472775e-02,-2.882080860749531293e-01,4.390767494941415272e+00
1.149094109454447121e-01,-2.377380695175903835e-01,4.453902755324014251e+00
1.165751972684826443e-01,-2.295359580186884796e-01,4.453140610815718325e+00
1.229960159716624729e-01,-2.198598376919508879e-01,4.529068178788485000e+00
1.330065386355916146e-01,-1.524626915591935916e-01,4.493286235148801211e+00
1.354192385577777935e-01,-1.349424576771705575e-01,4.473106878566071920e+00
1.351966591333666756e-01,-7.431464919803504321e-02,4.199089881519848966e+00
1.446078112043358843e-01,-5.363136946216155720e-02,4.387122650704240456e+00
1.457376834184097025e-01,-3.528558682197006913e-02,4.446060067916058678e+00
1.568809758959046341e-01,-1.989260300406408416e-02,4.648483698070559278e+00
1.491514755565195027e-01,1.829743841769389257e-02,4.427207556400380106e+00
1.538360913754149017e-01,5.467522264852194697e-02,4.529207348449354242e+00
1.539222745066490261e-01,7.413792784099421107e-02,4.553666406301125846e+00
1.570605886650943417e-01,1.238178164195926911e-01,4.597110441606371722e+00
1.560865256307927273e-01,1.336473820320795980e-01,4.571320148737585853e+00
1.529146053209290146e-01,1.648154055084146419e-01,4.496598864381315508e+00
1.385095435230707661e-01,2.338493650714217331e-01,4.456351196611682219e+00
1.357602520567147419e-01,2.436590291515453033e-01,4.452070138660107368e+00
1.314576255926531989e-01,2.509279960027170908e-01,4.497546203648169261e+00
1.233609471082503517e-01,2.722739653582450514e-01,4.518682201930178444e+00
1.177232381814729695e-01,3.042228142088629905e-01,4.623458895697143411e+00
9.739396581748054060e-02,3.272277109476723900e-01,4.498650663336939637e+00
9.220081104286012574e-02,3.264464671167197074e-01,4.426793078438439721e+00
7.822004202482935042e-02,3.849625285223895466e-01,4.414143525852809447e+00
7.275132499081941873e-02,3.914335299789368783e-01,4.381398087326732416e+00
6.822219636070053772e-02,4.086463064468869866e-01,4.455507537298841747e+00
6.095156705013300702e-02,4.181286214934132328e-01,4.469080725759757122e+00
4.677499841899058347e-02,4.455859062309627250e-01,4.554089761903762579e+00
3.774313335293425636e-02,4.611998856076010567e-01,4.437981920094629551e+00
1.821734952992756437e-02,4.855625048286269507e-01,4.594629907451990292e+00
-3.603467363119131940e-03,4.931637932213805975e-01,4.618536978997376252e+00
-2.208066461550819287e-02,4.722257306806667554e-01,4.342486432414101039e+00
-4.651802612305850487e-02,4.930441011107212779e-01,4.421587836157836016e+00
-6.460031745238487000e-02,5.126674547616579813e-01,4.482569291788488286e+00
-7.908461244191626605e-02,5.218396539451219951e-01,4.391935761968268181e+00
-9.341745902021236780e-02,5.359993853808348030e-01,4.502693800100653121e+00
-1.062066222549337691e-01,5.372809941129257361e-01,4.508665121228319528e+00
-1.249541096910019716e-01,5.499488555699031389e-01,4.576937333222034887e+00
-1.201912429603712029e-01,5.409263450277607133e-01,4.377551545579720482e+00
-1.256667758265478108e-01,5.409693792538250445e-01,4.315828079334260714e+00
-1.452281528978306702e-01,5.644741092934465465e-01,4.403990080414975417e+00
-1.904191511532404846e-01,5.482363056040087113e-01,4.476313703539333666e+00
-2.022080740291130052e-01,5.488070146636923052e-01,4.530797426932437588e+00
-2.266633234394494767e-01,5.856912071084123816e-01,4.571028145047369762e+00
-2.698623205405166758e-01,5.856733547041358401e-01,4.512412669071476756e+00
-2.911332856233322941e-01,5.659014526114856114e-01,4.287222623896457918e+00
-3.357289908390916344e-01,5.128451359405521437e-01,4.103955676416773279e+00
-3.837020135624147343e-01,5.177869029295417702e-01,4.256658174597378164e+00
-3.953005499206111995e-01,5.179362905523807736e-01,4.310503513820493460e+00
-4.261291435238379610e-01,5.514895221189242136e-01,4.527040196323615540e+00
-4.237879091954209199e-01,5.233592314917897559e-01,4.404478002933434055e+00
-4.439954764534356779e-01,5.325604372353136551e-01,4.490514115299649056e+00
-4.509959867589214966e-01,5.066744159377187806e-01,4.344392089644929733e+00
-4.554022436828204512e-01,4.781457552235160446e-01,4.180150471000118273e+00
-4.570188781214688523e-01,4.685023493204313327e-01,4.137605870311659828e+00
-4.551982325020650921e-01,4.565171078245168768e-01,4.056739104778047889e+00
-5.044059496459675218e-01,4.241072344724470811e-01,4.158441069376009658e+00
-5.447561604585765549e-01,4.408580460021588321e-01,4.331517167294061110e+00
-5.681766541379396074e-01,4.346541382534499509e-01,4.395723228918465786e+00
-5.560930042916883975e-01,3.964990657036280286e-01,4.148802766516453744e+00
-5.488684916478357989e-01,3.755388677238857831e-01,4.046482551448308485e+00
-6.111584242311545179e-01,3.416634854235088836e-01,4.220664386029009840e+00
-6.123318147561880309e-01,3.312297203485575769e-01,4.189625344429239284e+00
-6.189221811201315315e-01,3.237938986304480515e-01,4.245037439697582293e+00
-5.790433304181736851e-01,2.505099857835919597e-01,3.850281432866622833e+00
-5.837490381141556828e-01,2.231023631390563755e-01,3.812287900729804502e+00
-5.893881445589946866e-01,2.224675250683830485e-01,3.855675116200784736e+00
-6.259555615357115244e-01,2.291930150008015810e-01,4.068215813302073158e+00
-6.407819324104846448e-01,2.219823377225319250e-01,4.158250029839109629e+00
-6.482851651784221625e-01,2.220534434687687353e-01,4.198539948214245143e+00
-6.299345892874295139e-01,2.166571585704001879e-01,4.157978169076011810e+00
-6.088832813828455315e-01,2.073778085580580410e-01,3.992514537316666612e+00
-5.996556611069255860e-01,1.891747767864890573e-01,3.971796443108714492e+00
-6.447488678699269116e-01,1.538753229760163321e-01,4.128547588148606451e+00
-6.732988633314109794e-01,1.586192494147053433e-01,4.305304376861672999e+00
-6.296984865976120727e-01,1.465022984080762980e-01,4.071576301449879587e+00
-6.538764433200346948e-01,1.406306613446134113e-01,4.227500293523164920e+00
-6.489606084780173978e-01,1.396221309426188550e-01,4.210014766301179101e+00
-6.566660619721198522e-01,1.249045691681095333e-01,4.280507006073464460e+00
-6.465739515650934521e-01,1.359928442369880142e-01,4.246457880002143526e+00
-5.935635593571793045e-01,1.100100645394653659e-01,3.959106232778888845e+00
-5.932515196936963831e-01,1.081234932459545356e-01,3.978095715667566257e+00
-5.776064632890582917e-01,1.020672506474374630e-01,3.854098897313922745e+00
-5.905952939612642005e-01,1.040887691971379841e-01,3.986965382179491257e+00
-5.508306272288507888e-01,8.473401900247695684e-02,3.697159670748809024e+00
-5.804494664407334747e-01,7.617580898592202221e-02,3.979091492899907045e+00
-5.670496746316322501e-01,7.180616551865041941e-02,3.857343974509440443e+00
-5.458453096232015467e-01,6.231361492118498574e-02,3.729929350368578422e+00
-5.681026349083778682e-01,6.202867537628476563e-02,3.982822453757419723e+00
-5.809823971684014987e-01,6.276217226022338946e-02,4.112413447734462935e+00
-5.881123745681177128e-01,7.091646062392686911e-02,4.213264939403408071e+00
-5.643787274877236637e-01,6.742119322587603047e-02,4.143770178295065776e+00
-5.623985668593421972e-01,5.971260911521320686e-02,4.177047278821071075e+00
-5.685631578555802035e-01,6.173441961170154230e-02,4.258631152963221922e+00
-5.540130092662948202e-01,4.450099722390105095e-02,4.259891857279988869e+00
-5.512601266078873685e-01,4.211745703478233377e-02,4.261240460322288648e+00
-5.504836696498247584e-01,3.826990388138375165e-02,4.265988778111880819e+00
-5.765216676451949684e-01,5.375517475282165503e-02,4.480935455493861852e+00
-5.745557535977363628e-01,5.460720506029898696e-02,4.449923467481093020e+00
-5.737956949423240749e-01,5.208675907093567731e-02,4.480031972885121228e+00
-5.481685479119979831e-01,4.958898503097838167e-02,4.419185366698851425e+00
-5.297028550078746179e-01,4.020412894080680616e-02,4.321749928302507371e+00
-5.080200566884108815e-01,2.186957820015404674e-02,4.174768891884233390e+00
-4.918986919815881431e-01,2.005966786919962871e-02,4.166222844292251537e+00
-4.742466190855479380e-01,3.433325303631898362e-02,4.197044775108222936e+00
-4.707895431745482417e-01,3.925207238788041425e-02,4.215585306351937511e+00
-4.335613850765462907e-01,3.083239202987889810e-02,3.904806275189574016e+00
-4.462294752799688680e-01,4.946710618847031948e-02,4.238537822416793333e+00
-4.454172645568803546e-01,4.984548038994268682e-02,4.265838675121750079e+00
-4.471564971281717371e-01,4.241692019796029084e-02,4.292432844587150242e+00
-4.478527563022357549e-01,5.091711633074291060e-02,4.375597911298166665e+00
-4.468473968613964620e-01,5.045131017924803923e-02,4.375130389509308770e+00
-4.473416274546125893e-01,4.000175407434881925e-02,4.433262525292981593e+00
-4.302909128807221317e-01,4.161857957736819769e-02,4.365998373334970317e+00
-4.245901254035218675e-01,4.046871197665988934e-02,4.332239231170125215e+00
-4.179369014731071919e-01,4.356201201405347084e-02,4.275532490533810126e+00
-4.088015161775895301e-01,5.775657554396938786e-02,4.331519209309882434e+00
-4.059555397930212362e-01,6.164799742691209894e-02,4.336933732725687385e+00
-3.875344047745546416e-01,4.973151146013217450e-02,4.329295823308932256e+00
-3.526629293839648183e-01,7.528634588663357663e-02,4.205231989459684350e+00
-3.441154590730459706e-01,7.650500133047408169e-02,4.176980351674701275e+00
-3.279930428653702323e-01,8.594496307094173781e-02,4.112972498047429148e+00
-3.362199123746506535e-01,9.986578479861181468e-02,4.336605754957410852e+00
-3.170851943821322294e-01,1.146916236379626197e-01,4.100484736573435818e+00
-3.374633230880845769e-01,1.327871727130742752e-01,4.333791731514757828e+00
-3.404440741452005592e-01,1.346958558465687628e-01,4.423004028971870838e+00
-3.292115342958900626e-01,1.391091426574775358e-01,4.262189235917853480e+00
-3.391499899517848582e-01,1.515248139916436365e-01,4.431933816206110599e+00
-3.361284787250353734e-01,1.751391652167077762e-01,4.454172077557262632e+00
-3.075569628945279410e-01,1.631867871128632186e-01,4.194599786530257113e+00
-2.933119592060413061e-01,1.958178524721884972e-01,4.253545136385342929e+00
-2.849156068877652936e-01,2.101504075516106296e-01,4.330365899154122289e+00
-2.802644483883699467e-01,2.121537091624671467e-01,4.310760193134954399e+00
-2.771300232713676537e-01,2.247959531082628082e-01,4.323770847904132353e+00
-2.620169613868130742e-01,2.326633534418053040e-01,4.280830348213120473e+00
-2.565730557291130975e-01,2.323169828566517825e-01,4.230589335081736735e+00
-2.604140598808711293e-01,2.416391745149387427e-01,4.358611829229624313e+00
-2.617527509978757050e-01,2.548268903403582142e-01,4.386003282862519725e+00
-2.600587953254756002e-01,2.598696684583796102e-01,4.353443487028568981e+00
-2.562712302653340490e-01,2.632553795086655657e-01,4.273451315525910843e+00
-2.453885164633866078e-01,2.904893962965310883e-01,4.302347853898144336e+00
-2.393783062663351058e-01,3.122655164048701582e-01,4.394810922904864192e+00
-2.325900454436508336e-01,3.157810976043529116e-01,4.363224553045653487e+00
-2.243579950454770433e-01,3.176095366012877119e-01,4.322796412701696234e+00
-2.192992467578819271e-01,3.446567799055727521e-01,4.447395153946550828e+00
-2.174573703548570991e-01,3.471058700935786834e-01,4.448527053758307481e+00
-2.122469351227570522e-01,3.587908173949447832e-01,4.502822729892933751e+00
-1.991755363829769143e-01,3.560137723397158727e-01,4.336473825412506145e+00
-1.949217167050148469e-01,3.764925714098749099e-01,4.356398094830058021e+00
-1.940688783588679356e-01,3.860283701661417211e-01,4.345014542123004198e+00
-1.976498255615689037e-01,4.302908024046928626e-01,4.591687742829670960e+00
-1.946097818710184335e-01,4.291780336385350725e-01,4.478086912188243396e+00
-1.861166293482663103e-01,4.198357923727857322e-01,4.407795922056394922e+00
-1.845966688609657624e-01,4.264725279425197746e-01,4.368181005565569208e+00
-1.806314442097257389e-01,4.254610063497122896e-01,4.292167777139884066e+00
-1.728273225478602071e-01,4.342248476168281135e-01,4.230652904389700986e+00
-1.715900860657197380e-01,4.637228200016251800e-01,4.329949287121911183e+00
-1.681344443698574165e-01,4.766339696638990375e-01,4.422917039127338690e+00
-1.573254121056292532e-01,4.878440012967401040e-01,4.329217656386595614e+00
-1.544485780656923157e-01,4.989150161456878951e-01,4.384396989905814834e+00
-1.480811468327736524e-01,5.047439820743182537e-01,4.362583062967849479e+00
-1.403212164768133374e-01,5.068602068624693535e-01,4.312965272624925461e+00
-1.437592051715669006e-01,5.257224279263211786e-01,4.456292183511714633e+00
-1.401488177746915975e-01,5.408293844549303397e-01,4.399172517148386419e+00
-1.342815158313053481e-01,5.652226919105128866e-01,4.349970497290206239e+00
-1.363036838951444396e-01,5.703643503145573446e-01,4.359562891758354652e+00
-1.345706477993435790e-01,5.863359818256367317e-01,4.391443027472250904e+00
-1.327282828890851418e-01,6.024963895246556733e-01,4.443855331211270965e+00
-1.304179075033262969e-01,6.025353114412086430e-01,4.478479891265405577e+00
-1.277992594280553951e-01,6.126738834304463754e-01,4.466482401977124539e+00
-1.201511171294570024e-01,6.151216177624454495e-01,4.459501038096876258e+00
-1.071952883197183626e-01,6.343417870901371103e-01,4.480221888146426856e+00
-9.081398240998499183e-02,6.390254950500692255e-01,4.276722199121557821e+00
-8.919523112391598840e-02,6.586631511860977506e-01,4.360016880971148368e+00
-8.448970139922172551e-02,6.900955601683580465e-01,4.419697840009240153e+00
-8.526489069370923879e-02,6.996162415759236142e-01,4.466038478236499465e+00
-8.661173730070814702e-02,7.019048927025235418e-01,4.476253068343359232e+00
-8.511954633420081018e-02,7.035182735836512657e-01,4.426903729240283525e+00
-7.949164538559148896e-02,7.016802437913466362e-01,4.256787632412503797e+00
-7.744981292612354573e-02,7.008372014281812890e-01,4.189112598312548563e+00
-7.190806310856509564e-02,7.029703938260586371e-01,4.202695104578149099e+00
-7.210900464329683679e-02,7.297022948486444616e-01,4.162276477150856024e+00
-6.974714488238582810e-02,7.778027592122515044e-01,4.360591096687485901e+00
-6.824734923385664120e-02,7.820873895045391544e-01,4.359801454293094736e+00
-6.621099169203301105e-02,8.021730003449266677e-01,4.424549806622211534e+00
-5.700018328221444913e-02,8.066660135982912649e-01,4.312633929646152886e+00
-5.419499017431477633e-02,8.056676058483986935e-01,4.235215341074708206e+00
-6.037753721336556328e-02,8.494724348064714992e-01,4.391219595650742491e+00
-5.712089368740133621e-02,8.383265837432236633e-01,4.266562514165692654e+00
-6.475870180092094253e-02,8.792885443490026098e-01,4.428856993755873717e+00
-6.485530026783242752e-02,8.543657703320775010e-01,4.306053098954421010e+00
-6.822001542417416298e-02,8.794903374411788821e-01,4.372531570796971856e+00
-6.517560558227249168e-02,8.526848622595182281e-01,4.190748209655168921e+00
-6.214232049830021448e-02,8.375494816720047142e-01,4.095714367973456227e+00
-6.797912378923638699e-02,8.770214617928810963e-01,4.233251310367974973e+00
-6.464664304653980342e-02,9.170978603035222498e-01,4.325495239282935778e+00
-7.098020668280148604e-02,9.792717152484934351e-01,4.458224112582767518e+00
-7.144047045253272554e-02,1.002501045331902985e+00,4.503143011041252919e+00
-8.475410413586675906e-02,1.005160232963495881e+00,4.523898503632636903e+00
-8.590902186782260752e-02,9.973294235638007210e-01,4.491076083859366186e+00
-8.793215197397655225e-02,9.905420542331224709e-01,4.468725679728875910e+00
-9.426700002221341523e-02,1.005281083328877445e+00,4.461827089953899872e+00
-8.268798384707899685e-02,9.682276618209244567e-01,4.221735394912736972e+00
-7.469900849952104682e-02,9.713835742565675169e-01,4.249569254527921558e+00
-9.124411684855780746e-02,1.082107879297351971e+00,4.496003306435643943e+00
-1.081750377444005706e-01,1.058627396441800483e+00,4.331430666473185198e+00
-1.150800067475793581e-01,1.043456243907478154e+00,4.314618549850436580e+00
-1.176717600352693294e-01,1.040960263413768461e+00,4.300446230471481890e+00
-1.283510017484104371e-01,1.042620696917772261e+00,4.298051920269228887e+00
-1.303608278011323951e-01,1.039665094736307749e+00,4.283902071128584232e+00
-1.343885288814331003e-01,1.078793542458133192e+00,4.404822885360003326e+00
-1.270479372712645938e-01,1.052544125915784612e+00,4.257623640768712470e+00
-1.402411666359602571e-01,1.085024303355529351e+00,4.340607093322711663e+00
-1.539948818322685320e-01,1.124972466227479817e+00,4.495325345949193974e+00
-1.487838781794161569e-01,1.076442804789722762e+00,4.303008971490002388e+00
-1.514816710342745676e-01,1.046992522610894483e+00,4.211351507326527965e+00
-1.456363543436987595e-01,9.633402296098285689e-01,3.845654045698422507e+00
-1.510570220793241436e-01,9.626865480050421642e-01,3.846284156084467831e+00
-1.749867592260987981e-01,1.052648990558307629e+00,4.199043410961286860e+00
-1.671549571259080547e-01,9.916072289217707780e-01,4.038821161079493294e+00
-1.665879497158732625e-01,9.930610849974048637e-01,4.066967036799985280e+00
-1.666871680619495810e-01,9.866132593262741945e-01,4.045114007172819548e+00
-1.841310250569008211e-01,1.034901979952587592e+00,4.259158467696014583e+00
-1.739961019761555316e-01,9.157613888032282157e-01,3.943356385880685266e+00
-1.639937196223169857e-01,8.605237776208440881e-01,4.011816703662595351e+00
-1.543920188631692225e-01,7.067355905879088018e-01,3.985874084707100806e+00
-1.440626188694250631e-01,5.820925345125775863e-01,3.910808315626870701e+00
-1.406645949749257829e-01,5.618116401151833639e-01,3.920575408888204105e+00
-1.391005044952471903e-01,4.888116730359142181e-01,3.779169621786030220e+00
-1.278898683952542081e-01,4.595377070754483317e-01,3.760451239296147552e+00
-1.133091982763265587e-01,3.697003844288547225e-01,3.418209137067917069e+00
-1.070392059554033243e-01,3.379637802020535875e-01,3.211495303606484164e+00
-1.185933041724113596e-01,3.281251190009841223e-01,3.586058009144345693e+00
-1.175754884073763051e-01,3.208388989508715872e-01,3.586483866996322600e+00
-1.050488921065200337e-01,3.197603634259859051e-01,3.717058999647439244e+00
-8.444628462546807657e-02,2.012543117385295066e-01,2.990443015773631696e+00
-8.607095302706312123e-02,1.774583460565685722e-01,3.598218233527353149e+00
-8.056192606268469669e-02,1.618487437977126631e-01,3.526106996032141172e+00
-4.601361074770463078e-02,1.096213912273924507e-01,2.980816009298743019e+00
-4.130284130747346322e-02,7.004143577812955990e-02,3.544725511658868289e+00
-5.290075007483454814e-03,2.106966614322870746e-02,3.617202982413194157e+00
-2.162653459588304537e-03,1.401583285946703811e-02,3.659808978409756719e+00
5.340430537468784933e-03,5.531776922987084733e-03,3.489462419518310377e+00
1.522921383887525584e-02,-1.384686736905949359e-02,2.924911935778250260e+00
1.812835033475514515e-02,-1.948841968070536002e-02,2.833552803966527200e+00
4.031147059346647937e-02,-5.135252201950277207e-02,2.802919187710130711e+00
6.388734320855693483e-02,-7.958511623805911150e-02,2.780245013469142101e+00
9.221636620572336296e-02,-1.165140505959451067e-01,3.241024166145384022e+00
1.058673969160398159e-01,-1.354092844696142828e-01,3.517857735055437196e+00
1.036154500820260643e-01,-1.241244452356312228e-01,2.875593039780910853e+00
1.152564521450172852e-01,-1.288901249349390654e-01,2.785479002600289355e+00
1.189973918264897179e-01,-1.337748244558677746e-01,2.783985127276719762e+00
1.237050121687383875e-01,-1.387718900388262011e-01,2.759352191853365444e+00
1.345660813177302351e-01,-1.446576715750755304e-01,2.804774360440783987e+00
1.359184484758131639e-01,-1.458901293174316993e-01,2.777746038708209575e+00
1.405314895071968773e-01,-1.518784712232738310e-01,2.765014038830369003e+00
1.458601439472501093e-01,-1.518442878678297470e-01,2.766170310422126022e+00
1.494113716601305208e-01,-1.541822630516783421e-01,2.767109838010315848e+00
1.550518233411413982e-01,-1.566626731632563829e-01,2.760873012676288152e+00
2.164229151530807360e-01,-1.980771832975051772e-01,3.398842952107663073e+00
2.253769454568854691e-01,-2.041198232180518879e-01,3.492797529435800907e+00
2.273096368552285085e-01,-2.028907492078228236e-01,3.456483150682838623e+00
2.298124931025475048e-01,-2.050700759361682446e-01,3.432012333326402764e+00
2.126784661466443183e-01,-1.749112078365216150e-01,3.053578494383992314e+00
1.992349508447529283e-01,-1.535298695548102110e-01,2.775453510693228321e+00
2.181432875557030304e-01,-1.464744028774117857e-01,2.811393534068570066e+00
2.208157368981004953e-01,-1.445013469148359597e-01,2.815778063825405297e+00
2.243936719385073719e-01,-1.415406927270093096e-01,2.839308712940970203e+00
2.274393113175234571e-01,-1.330518684558147091e-01,2.836962742269113047e+00
2.284335834282716360e-01,-1.313856000232109522e-01,2.838089727788762229e+00
2.286382817719690985e-01,-1.308283041253305856e-01,2.841504587752619493e+00
2.259168509749995557e-01,-1.292779475045955639e-01,2.837450452890067254e+00
2.673965088023698700e-01,-1.467236361787616905e-01,3.385293355330250442e+00
2.699434414758914436e-01,-1.506230760948279457e-01,3.437395199078676189e+00
2.431168561806114903e-01,-1.292282954796213634e-01,3.075275324880751171e+00
2.733263440702182190e-01,-1.488635382791547446e-01,3.512465535041109366e+00
2.919774973374279492e-01,-1.173133614591026636e-01,3.627290566574967734e+00
2.786012460386424472e-01,-9.767952561315797200e-02,3.508026132206616854e+00
2.327603504263621725e-01,-7.984942841766494437e-02,2.989259857477220006e+00
2.270929385803057143e-01,-7.825684490002604576e-02,2.931840624968303555e+00
2.508204359770045966e-01,-6.986314620158039224e-02,3.372174461648786092e+00
2.577983249364039775e-01,-7.289330823902609446e-02,3.600559716109219099e+00
2.547435588859257027e-01,-7.539283325467618924e-02,3.595673269189419763e+00
2.215314873554358466e-01,-4.705373133329018853e-02,3.170603631524889110e+00
2.058338550536022160e-01,-3.637510214065734632e-02,2.949004794024806753e+00
2.272785280799075325e-01,-1.574149699863561930e-02,3.540063383841852040e+00
2.015336671722746664e-01,3.624375177455407999e-03,3.528389151487331787e+00
1.943935519816410162e-01,6.242838790742871041e-03,3.516014433714695464e+00
1.861386451234026407e-01,9.933501196747639844e-03,3.569207749352193648e+00
1.663878101228113415e-01,5.902418632099808680e-03,3.501291088668834206e+00
1.633118538165235500e-01,3.560654149837083398e-04,3.807263338518521056e+00
1.342759398373986057e-01,1.216766519930665737e-02,3.812235790746476560e+00
1.026104776215039233e-01,2.235052010301322514e-02,3.731231552521582895e+00
9.070887515167268267e-02,2.884688870424318569e-02,3.315614463724437577e+00
7.962158471740531096e-02,4.631140270401044867e-02,3.855076873991224229e+00
8.183688926238072425e-02,6.020883210372154903e-02,3.832008025263691220e+00
6.018836262996505454e-02,4.905334241418086993e-02,3.845540199396437764e+00
4.343229153740443133e-02,4.463299044337435545e-02,3.099779535604719083e+00
1.998768274765981567e-02,7.127425444309640201e-02,3.790451424856122298e+00
-5.617673604476382254e-04,7.644979557851916407e-02,3.746972816704384979e+00
-3.421425412774663222e-02,6.877648693840708594e-02,3.836704124466002508e+00
-3.556781793282466630e-02,6.420407969040020646e-02,3.864958791759768975e+00
-2.920331503459723879e-02,7.128120466828873070e-02,3.755057573801451110e+00
-3.666018708879596050e-02,7.101394812773895171e-02,3.711277586514218907e+00
-4.606066213143834159e-02,5.380902008537920278e-02,3.808383806414546324e+00
-4.626186788123534677e-02,6.597818093444123011e-02,3.790048796730575820e+00
-4.650870512880570656e-02,5.032665873699523201e-02,3.373535765870718350e+00
-5.330227023524993640e-02,4.210865608249976522e-02,3.611767709475519172e+00
-6.300713290468162864e-02,4.296985028350241292e-02,3.666431366339907516e+00
-7.217569245850018189e-02,3.358949465199435880e-02,3.705422085647587238e+00
-8.045197800793447984e-02,2.130215295025510852e-02,3.752266800671298697e+00
-8.208487086402854738e-02,2.031228146313018151e-02,3.752970064959937790e+00
-8.264451650381171577e-02,1.750750550501919967e-02,3.709323317569789502e+00
-8.186624049758672861e-02,1.193711073244367073e-02,3.754947756768228562e+00
-8.227706238991802645e-02,1.646707650612398016e-02,3.793821889657521762e+00
-7.883774353248872158e-02,1.720505017111637405e-02,3.841211857868982005e+00
-7.398833149354845651e-02,1.030795690558275989e-02,3.738252093241128726e+00
-7.301198224043195517e-02,-6.451633353142280196e-03,3.778171496297491050e+00
-7.314734871722780585e-02,-1.511894374173354191e-02,3.832584157546362835e+00
-7.474736749863419849e-02,-1.806421875172724636e-02,3.856597150346367187e+00
-7.642000016119124273e-02,-1.786700649604562249e-02,4.080570231624626842e+00
-6.911632971819010873e-02,-2.758151974473854046e-02,3.874115136900913470e+00
-6.237756060960536475e-02,-3.017716009185796716e-02,3.778179576043194210e+00
-4.724224358404595370e-02,-4.412129441558713949e-02,3.638588469834151962e+00
-4.943243335184345499e-02,-5.274370344499180324e-02,3.870392392932490377e+00
-4.396286995725665059e-02,-5.616979906556786306e-02,3.848935921077473843e+00
-3.892003857278530238e-02,-5.614212483971594420e-02,3.793219343895712914e+00
-3.461826945567510194e-02,-5.742529003416658312e-02,3.714892704150078551e+00
-3.297513986469363667e-02,-5.791541552526586339e-02,3.684974589991814486e+00
-2.857637188343879406e-02,-5.751063143623535295e-02,3.712369499501836145e+00
-2.344469838940711412e-02,-6.037530668027091957e-02,3.693450352360411415e+00
-1.916766877138162406e-02,-5.886946375127224962e-02,3.623487456683070818e+00
1.786956790894738203e-02,-6.173258795681065003e-02,3.754824653400468115e+00
2.424324589675225933e-02,-6.701332052705699649e-02,3.778349140351070723e+00
3.432435991609047304e-02,-5.213804818981856298e-02,3.731917016542306342e+00
4.124703777290163187e-02,-5.543467937518692379e-02,3.791629012947799193e+00
4.666634362189116259e-02,-5.298315716414868370e-02,3.697706671655093924e+00
8.312138738429701579e-02,-2.864355356151563822e-02,3.239306210336419412e+00
8.748863258657280095e-02,-2.466790927642673395e-02,3.108195285414976805e+00
9.388621061965282677e-02,-2.004590720622178440e-02,3.057692486941947951e+00
1.045640883593235843e-01,-1.531010386223068467e-02,3.042349094088762307e+00
1.349143291720136806e-01,9.404601325445746587e-04,3.470804098565301476e+00
1.546568233099653855e-01,8.291958321302471055e-03,3.528916757313535157e+00
1.691865598883066646e-01,1.278857853154427744e-02,3.555941047584467274e+00
1.959785714765528986e-01,3.113309103493391850e-02,3.731581400228904055e+00
2.163747196569471842e-01,7.514002624472100600e-02,3.635557521970194994e+00
2.177556727310688833e-01,8.320039509815488343e-02,3.564943456410297529e+00
2.319965829207807084e-01,1.003753539876478112e-01,3.565198833577849946e+00
2.035568593889156008e-01,1.038669113713440589e-01,2.989550952557113117e+00
2.504320398669334646e-01,1.491989874235955804e-01,3.550409017005384360e+00
2.626188369703320591e-01,1.666260520581857585e-01,3.661251244047236675e+00
2.604632357944340892e-01,1.663852616210819424e-01,3.605301337295250264e+00
2.922404411512981026e-01,2.240251353875636342e-01,3.687156203110276920e+00
2.937849967354078107e-01,2.299090225969611379e-01,3.667462948684300894e+00
2.942812718133203664e-01,2.429210291336233174e-01,3.579939800340725231e+00
2.559710634686329644e-01,2.256357570754455311e-01,3.049353869199904921e+00
3.564758891116299178e-01,3.983167166166390882e-01,3.756818787849355079e+00
3.686159540265311896e-01,4.092519071265888209e-01,3.787727441323476718e+00
3.802331255638726759e-01,4.444508875122972769e-01,3.515091417771905036e+00
4.158090599880842619e-01,4.867357763117234892e-01,3.767294411657437614e+00
3.632627540176294745e-01,4.229628052830176621e-01,3.203170451496423432e+00
3.591788965253211452e-01,4.175585674151240378e-01,3.150085620537077524e+00
3.576255771073910128e-01,4.153022300812605483e-01,3.132825130563776206e+00
3.546745110092341946e-01,4.098212626399552749e-01,3.104065845105725696e+00
3.276036191405098386e-01,3.824438133434977516e-01,3.120752404988837991e+00
3.186087875587375606e-01,3.733647571434893786e-01,3.131615845121491049e+00
3.098208971205844708e-01,3.630680909663336342e-01,3.112462288094256291e+00
3.413460978076921504e-01,4.046257880134202511e-01,3.630057358883640894e+00
3.137920016498426667e-01,3.609559010067099893e-01,3.576059090772271798e+00
2.871660878696217778e-01,3.249173713629258109e-01,3.628590640937496836e+00
2.839692715719355776e-01,3.156189507137278638e-01,3.660749075274202458e+00
2.584084158586332225e-01,2.807482823029799901e-01,3.590767509860461004e+00
2.413213187990513875e-01,2.567995316300601405e-01,3.540223092130987848e+00
1.959155027556079565e-01,2.002772484542876263e-01,2.990303217224081322e+00
1.781931716415101341e-01,1.570284698991891437e-01,3.189085851367710944e+00
1.698890118089154966e-01,1.453891518224790513e-01,3.068478423064892713e+00
1.936362006723342244e-01,1.685985979146340519e-01,3.717841830623751065e+00
1.568618559190051442e-01,1.130615837509949123e-01,3.050251242818151631e+00
1.677468544812042162e-01,1.037650862726343659e-01,3.484462260312672477e+00
1.781502695919832124e-01,9.558632366624973675e-02,3.611321135966657714e+00
1.810772771942714132e-01,8.923431293551117860e-02,3.447598063976252902e+00
1.959603383446177904e-01,8.240021005234475504e-02,3.701054422385706921e+00
1.905016287796416630e-01,6.540890798096560266e-02,3.632701931505461612e+00
1.635251392368257950e-01,4.238299365665780527e-02,2.921272724988484004e+00
1.951110814878013189e-01,1.768049111728985448e-02,3.519697048735877409e+00
1.894602593535454627e-01,8.626144644846575962e-03,3.511925992715493994e+00
2.029831734853815572e-01,-2.145015071936258282e-03,3.642136740385341742e+00
1.808693602460421102e-01,-9.716952601152389207e-03,3.193928154703876032e+00
1.688285405047311172e-01,-2.102196654501429368e-02,2.958431099408655118e+00
1.670439720337176248e-01,-2.428831594911949956e-02,2.923946467092826573e+00
1.920623547004039755e-01,-4.998102349740216749e-02,3.280177502859696226e+00
2.021477040278823745e-01,-5.494750698003229156e-02,3.428972112028228381e+00
2.017494493355024843e-01,-7.301731006925726852e-02,3.508400685091784599e+00
2.014554605270303111e-01,-7.077697495054545429e-02,3.453047158663999916e+00
1.827441582535116738e-01,-6.980786914181127956e-02,3.085974429801447982e+00
1.718456506042730925e-01,-6.983473139304634258e-02,2.895966881431432771e+00
1.706215691844838733e-01,-7.392786123840221213e-02,2.876882451277316122e+00
1.702318031177961211e-01,-7.730914788323475784e-02,2.869644090601730646e+00
1.814280141604424357e-01,-9.394425285734313291e-02,3.032756176666304260e+00
1.774021403706858013e-01,-9.192781527805080066e-02,2.924910049752104335e+00
1.906339673317904992e-01,-1.085200150231319383e-01,3.183756477445525146e+00
1.964938188851742540e-01,-1.155412125797517092e-01,3.303642010289462139e+00
1.830527899688384197e-01,-1.033214775478341341e-01,2.995049708271511957e+00
1.775540313052662578e-01,-9.968130754461891618e-02,2.802156062809142867e+00
2.103119292790579242e-01,-1.364959275923149640e-01,3.398949644930536973e+00
2.151080142998407496e-01,-1.358669583584702911e-01,3.457138871241747236e+00
2.231550421514940652e-01,-1.326830647152198173e-01,3.554582454956357385e+00
2.193959622967251721e-01,-1.311919295068294800e-01,3.510382757443677448e+00
2.214975816317546475e-01,-1.310928369043578290e-01,3.546919768342581936e+00
2.127672201256128326e-01,-1.438990453812230286e-01,3.517487339528083456e+00
2.108125293428141089e-01,-1.469678636980036868e-01,3.511146456787747283e+00
2.108478095983405687e-01,-1.412738080156966392e-01,3.521919080820030246e+00
2.055463324182887075e-01,-1.378813371222422646e-01,3.527124253616298333e+00
2.050992274610025645e-01,-1.361086338741601676e-01,3.547342265508212300e+00
1.985990874121024707e-01,-1.382719125433853058e-01,3.470757471848938014e+00
1.980426237175990645e-01,-1.313052594812622598e-01,3.511308117609258872e+00
1.981498850557352476e-01,-1.310868057100506301e-01,3.533285671234619674e+00
1.917468421981272930e-01,-1.292015600548596099e-01,3.522737927771825817e+00
1.720307457463338408e-01,-1.275816556581365890e-01,3.384423264762653982e+00
1.678821648596459382e-01,-1.269321935215619590e-01,3.355933357281552620e+00
1.332012375020124040e-01,-1.060036066092893692e-01,2.965768044252862001e+00
1.216564353950177757e-01,-9.968789556853076272e-02,2.813752591149659033e+00
1.112905137213074797e-01,-9.607803753892990573e-02,2.734935601599861599e+00
9.748922227089415471e-02,-9.374180621994480933e-02,2.696731135634788945e+00
9.428733717823585547e-02,-1.030675170871355462e-01,3.056544347685389962e+00
7.719057488662611766e-02,-8.901791766468192257e-02,2.739954719048276477e+00
6.931479348868732626e-02,-8.417756188330896561e-02,2.686547310659252119e+00
6.255108792150768093e-02,-8.081652128859485862e-02,2.670662301790318160e+00
5.176277476205058681e-02,-7.787899815453351582e-02,2.667199381225971777e+00
3.897734952457146407e-02,-7.274157636623927725e-02,2.682942897793687109e+00
3.659706356238717068e-02,-7.153040292074974715e-02,2.684309130443438551e+00
2.832101483926413241e-02,-6.721657497007756110e-02,2.673159185141308569e+00
1.422111575880479623e-02,-6.058829506815149868e-02,2.648830431523235163e+00
7.898536952778588069e-03,-5.738828823785153271e-02,2.639993817942758003e+00
1.928637579019328334e-03,-5.011354403422543791e-02,3.275584298326056132e+00
-8.169986716181066450e-03,-6.030130868768758534e-02,3.333163203431247723e+00
-1.917326210557167634e-02,-6.999674115160342547e-02,3.346118382186544782e+00
-3.114860590767439680e-02,-7.097361121719561461e-02,3.273481896041792627e+00
-3.829343384046478282e-02,-4.523826372444802318e-02,2.625524182842550847e+00
-4.606752207715852226e-02,-4.008439426075419837e-02,2.631983106594637967e+00
-5.478137467642515968e-02,-3.349637800427340828e-02,2.599513755377552471e+00
-6.016450272717471792e-02,-3.146071607695099387e-02,2.563080184692760000e+00
-6.476710844914690401e-02,-3.066281963694120205e-02,2.553510414318176380e+00
-7.087771673575597731e-02,-2.898582752584391922e-02,2.575224132542460076e+00
-7.408128958459780922e-02,-2.824429496384034399e-02,2.569532790192811778e+00
-8.310291534452139695e-02,-2.713260554089197765e-02,2.569560614411707800e+00
-8.509390258471470625e-02,-2.683972326295908095e-02,2.561400701074641795e+00
-9.039958014332351299e-02,-2.463182726318348392e-02,2.546504612037931548e+00
-9.880530214521979215e-02,-2.277505692707024881e-02,2.545785578113570313e+00
-1.002496566591210003e-01,-2.198692553706264527e-02,2.545405866006907658e+00
-1.036722711321409890e-01,-1.990049763234849958e-02,2.552946323237859527e+00
-1.127886812568022756e-01,-1.706232874106834024e-02,2.533725760692829176e+00
-1.146032276015310214e-01,-1.662249182141652473e-02,2.527849114486136806e+00
-1.179156977503427600e-01,-1.609021035982368883e-02,2.529273258497501065e+00
-1.242548472115018038e-01,-1.617738523471802872e-02,2.513842480942745095e+00
-1.255281843170971690e-01,-1.657489859832095985e-02,2.510795991397901883e+00
-1.325578543447655244e-01,-1.574774669396096505e-02,2.500388975910833533e+00
-1.334202283619959628e-01,-1.628525741664254775e-02,2.493194648231902288e+00
-1.359607774093536392e-01,-1.672356388159045720e-02,2.504731340597885492e+00
-1.382849946999673285e-01,-1.597809798347005900e-02,2.492708539908372156e+00
-1.382960584357244560e-01,-1.588684368217520293e-02,2.485591133580092205e+00
-1.414972782459001932e-01,-1.502608116952078993e-02,2.485391471870382674e+00
-1.452397069317428457e-01,-1.497639539270385380e-02,2.473774055468794586e+00
-1.457549608535048391e-01,-1.485746735414453061e-02,2.467504583197162038e+00
-1.456596257533897543e-01,-1.760679999276155289e-02,2.483810470086482702e+00
-1.474977568300185893e-01,-2.119816476305424677e-02,2.472555733912441767e+00
-1.493839757946337221e-01,-2.390237034130304750e-02,2.456830295892631799e+00
-1.508462228902948954e-01,-2.487299549304380908e-02,2.451103658669950391e+00
-1.538798979885808438e-01,-3.301999201347447649e-02,2.423443174396891830e+00
-1.544549826237300583e-01,-3.439589327633576360e-02,2.420687551363057466e+00
-1.559045085638033901e-01,-3.744557203094658199e-02,2.433340874413836286e+00
-1.575878216145386312e-01,-4.225620930488647314e-02,2.453566482321052344e+00
-1.592354996428536063e-01,-4.452130355764809255e-02,2.450152655705448712e+00
-1.619894649049303248e-01,-4.641474348046657067e-02,2.427729080515542037e+00
-1.666633425461126750e-01,-5.079235991346031653e-02,2.420410823889089347e+00
-1.749364457226801617e-01,-6.032487048713810335e-02,2.400902738949653781e+00
-1.762487057541990698e-01,-6.194933267774299646e-02,2.397245349998471831e+00
-1.776707384917300125e-01,-6.721992188314099281e-02,2.395502090684385799e+00
-1.792337717243230044e-01,-7.103923590988364678e-02,2.375497585914393195e+00
-1.797502162254637770e-01,-7.709459546091450288e-02,2.382679366539496524e+00
-1.805633072403782513e-01,-8.319986365463993838e-02,2.383845252103558465e+00
-1.804261787281482843e-01,-9.363908402695125810e-02,2.361787419426446988e+00
-1.784996124039156251e-01,-9.731572712619154797e-02,2.349308045077028950e+00
-1.777637295496397041e-01,-9.872007982559857786e-02,2.344541348233884825e+00
-1.826745025296842295e-01,-1.110253076718831361e-01,2.361909282822249434e+00
-1.837345975842535339e-01,-1.135818351573883167e-01,2.363674158702571582e+00
-1.870093681175973577e-01,-1.189013076567568133e-01,2.378240140561824756e+00
-1.941393698826067438e-01,-1.342419401989938532e-01,2.379732670202311606e+00
-1.963171764436319189e-01,-1.377202179283475991e-01,2.384761089262767975e+00
-1.968855214702846801e-01,-1.424880414838214093e-01,2.368019614086138702e+00
-2.048471188901266893e-01,-1.553148968057048995e-01,2.357563845309494255e+00
-2.068135584995322296e-01,-1.599041477150149881e-01,2.360214303128900237e+00
-2.103004283116858830e-01,-1.692051721529111430e-01,2.337657046823203633e+00
-2.107732582376087294e-01,-1.747646471651085609e-01,2.341124751319570763e+00
-2.095722333823208383e-01,-1.823112338301610680e-01,2.333071720735651056e+00
-2.094848428904864668e-01,-1.948080375534705644e-01,2.331740878259295435e+00
-2.090853244696940505e-01,-1.975534916875278935e-01,2.329838276214882153e+00
-2.080362073724118244e-01,-2.037743167992005500e-01,2.320368088632374093e+00
-2.095906376537034765e-01,-2.159303803710061198e-01,2.343288673768828545e+00
-2.084613757682755864e-01,-2.201828959922231543e-01,2.321286995801934427e+00
-2.090886893291709070e-01,-2.296232415554935458e-01,2.328087561915224146e+00
-2.154550228244661025e-01,-2.447825125292819592e-01,2.328335483159229558e+00
-2.169022641127498763e-01,-2.472882114089951788e-01,2.326668207157892354e+00
-2.245310467769728591e-01,-2.602881488136653543e-01,2.330193355539583511e+00
-2.264470998651694489e-01,-2.625892544602037582e-01,2.331889006373387918e+00
-2.283186512312893601e-01,-2.694363631504719803e-01,2.342620773904433573e+00
-2.304569523763950745e-01,-2.751999267896772516e-01,2.327866333512932151e+00
-2.367253324658208924e-01,-2.852095856196963375e-01,2.340252793850197577e+00
-2.372944491008710244e-01,-2.906069141022365465e-01,2.330664625461303707e+00
-2.397249790554634163e-01,-3.015181930369816854e-01,2.355036207472811505e+00
-2.408280770108190971e-01,-3.121978566723903059e-01,2.351482815459284836e+00
-2.408037451916038019e-01,-3.205766852554037816e-01,2.362446361910375270e+00
-2.429857534151852183e-01,-3.292677014319873030e-01,2.371695129690378767e+00
-2.433562892479795570e-01,-3.396277598150269084e-01,2.385407445815930672e+00
-2.396474708683102861e-01,-3.423773312748951136e-01,2.362334513525142121e+00
-2.393185568688262765e-01,-3.451760847364450657e-01,2.362607771328951944e+00
-2.401548992214179723e-01,-3.535034167226280277e-01,2.383381653003388223e+00
-2.397103720127240767e-01,-3.551245403774538900e-01,2.369054238731638229e+00
-2.388405181032408897e-01,-3.573103776910168672e-01,2.361105583124428531e+00
-2.393165066322134327e-01,-3.607295417680768668e-01,2.352798963514060482e+00
-2.392021240394436588e-01,-3.635660867119274720e-01,2.352383355599395820e+00
-2.367905797735311291e-01,-3.715571475206235763e-01,2.365795112261104727e+00
-2.357958605057871859e-01,-3.719864275403521603e-01,2.363467239613739501e+00
-2.310067838191390277e-01,-3.711054386211757317e-01,2.345467873908719358e+00
-2.259403011058471467e-01,-3.739292014683753829e-01,2.353801442693173485e+00
-2.202319914877870488e-01,-3.771886630449026723e-01,2.356964491839461662e+00
-2.152329774152006991e-01,-3.772226030756204995e-01,2.349585042382095867e+00
-2.000903699476798414e-01,-3.765756313258913357e-01,2.338853383331147562e+00
-1.973780307375312404e-01,-3.763167015198847221e-01,2.336388905805296012e+00
-1.932718073593115149e-01,-3.795949278476977162e-01,2.352680954540613989e+00
-1.868739862540166052e-01,-3.788840838238586861e-01,2.349440904606103775e+00
-1.792173517416110751e-01,-3.752677210779195027e-01,2.333525595234210659e+00
-1.747781371854197352e-01,-3.733822524239752139e-01,2.327683190019550263e+00
-1.700426818231099979e-01,-3.731187801655066472e-01,2.341953277305270475e+00
-1.686712557649452382e-01,-3.733266283070932334e-01,2.346364277785278230e+00
-1.672098179791899342e-01,-3.715531909973290303e-01,2.350946648198025901e+00
-1.641454807249942138e-01,-3.721115347192991973e-01,2.357075331803682339e+00
-1.583725236136604986e-01,-3.680691876744833224e-01,2.343890066675783146e+00
-1.535888211258167324e-01,-3.698806253301241131e-01,2.356711689792926556e+00
-1.468598169655337127e-01,-3.665518616807377228e-01,2.355225620275589904e+00
-1.374071468975014976e-01,-3.638302556256702847e-01,2.355283530526679492e+00
-1.194368810213093379e-01,-3.530547983773929532e-01,2.345602394672944513e+00
-1.149177169249818442e-01,-3.511278241097847141e-01,2.350133246434900958e+00
-9.818644908743920374e-02,-3.472497427994508112e-01,2.367911613541242577e+00
-9.528514804126542170e-02,-3.472205849187816606e-01,2.374022192588682412e+00
-9.183169483563978497e-02,-3.492644472043422432e-01,2.403796939692208312e+00
-8.304631437509400749e-02,-3.422306157360152090e-01,2.400750882087650417e+00
-8.117711042432639024e-02,-3.418567404453805025e-01,2.405520475855139395e+00
-7.832579381146302644e-02,-3.389829599826190143e-01,2.396854364688069339e+00
-7.097250845149412346e-02,-3.332744336981812161e-01,2.403768509705640266e+00
-6.954608890901792240e-02,-3.328097904577864141e-01,2.408455565436302237e+00
-6.580676115229740220e-02,-3.307111136208280011e-01,2.411388257493177534e+00
-5.499990196782414409e-02,-3.269648394304539574e-01,2.435463410357812997e+00
-5.218632649999157408e-02,-3.267832900700042287e-01,2.445475618383105676e+00
-3.481308963901361131e-02,-3.152597050324643657e-01,2.431665383929807245e+00
-3.063547916581772432e-02,-3.127459475000206601e-01,2.425079592067469481e+00
-1.580941151303351389e-02,-3.068459063080531957e-01,2.436873501050617730e+00
-6.700607689232977032e-03,-3.048535768955858427e-01,2.434779439457964045e+00
3.428623445372405189e-03,-3.004161926159439333e-01,2.440822648914947823e+00
5.064547451623335056e-03,-3.003287060396416241e-01,2.446112151529194811e+00
6.284378631183910879e-03,-2.983084226327962218e-01,2.462892353894267750e+00
7.377665546047612773e-03,-2.904561525278167577e-01,2.447830408256260970e+00
1.102211359429905273e-02,-2.920377688073392264e-01,2.467650685249160425e+00
1.257804460693675436e-02,-2.869499133529263557e-01,2.465477883005411375e+00
1.264347447318271006e-02,-2.825120397140389872e-01,2.449723957909792027e+00
1.721196594615097275e-02,-2.822460018832004813e-01,2.461737681570541625e+00
1.993241930949569626e-02,-2.820506625230820852e-01,2.474609623218850807e+00
2.550236498828319445e-02,-2.780357823150970686e-01,2.468836864320871349e+00
2.799725571255655410e-02,-2.768198390937067765e-01,2.466381323835539430e+00
3.676675066374775203e-02,-2.753954693848463808e-01,2.481806087593922516e+00
3.926315270380341393e-02,-2.710468658960428767e-01,2.469836001434406736e+00
4.614413269027283632e-02,-2.585929280958183529e-01,2.477066507620592883e+00
4.707094779344465907e-02,-2.548201653132640687e-01,2.473718430425642989e+00
4.639656938057792196e-02,-2.502002796496993753e-01,2.478175272881513180e+00
4.467992224580617788e-02,-2.370497242546631966e-01,2.469817899591399080e+00
4.362275849391074323e-02,-2.338398944217672526e-01,2.457331681000245460e+00
4.403791591311376902e-02,-2.313787757838002557e-01,2.473998766051504372e+00
4.299553709644698962e-02,-2.280517046547337889e-01,2.499193972693011023e+00
4.511437446171456117e-02,-2.158360276818444279e-01,2.504819974723473841e+00
4.665267393245035171e-02,-2.062722309087142158e-01,2.507183484192597955e+00
4.916877529773407834e-02,-1.913758825596157676e-01,2.506858976116282722e+00
4.896566294335959191e-02,-1.891507420520639748e-01,2.504357250650371736e+00
4.924599046238108818e-02,-1.837737386216087287e-01,2.511629529087210155e+00
4.512616578033856740e-02,-1.692127413820026793e-01,2.506671949653160869e+00
4.399728616303737877e-02,-1.650835322039055086e-01,2.515984568785850861e+00
3.582445844125910217e-02,-1.539579988439830349e-01,2.517307410708793824e+00
3.209797657836195584e-02,-1.458471595006670118e-01,2.518098169750812687e+00
2.514195332273970809e-02,-1.388315677647778967e-01,2.529072900829159920e+00
2.043334060681483225e-02,-1.341171002977613602e-01,2.501371446595178849e+00
1.920983998208616525e-02,-1.297209033809702261e-01,2.490626161469446931e+00
1.953989150776384853e-02,-1.236152077655912201e-01,2.518590273750154207e+00
1.371691275931072491e-02,-1.090217404678542473e-01,2.512150907258074994e+00
-1.020686866800690068e-03,-9.244610586660671758e-02,2.507477163132338038e+00
-1.471761141990188954e-02,-8.065877559020952214e-02,2.529164521056298298e+00
-1.937744243805181524e-02,-7.861002921033231894e-02,2.527573452463273362e+00
-3.272209094569936833e-02,-7.580323635911555280e-02,2.536339154665068651e+00
-3.512790589708592037e-02,-7.509439735021761209e-02,2.540804949285762504e+00
-4.328383459150211138e-02,-6.839544836192341937e-02,2.511182427837252540e+00
-4.805075906754100595e-02,-6.131265514047105902e-02,2.542608725292115679e+00
-5.600029613963228292e-02,-5.525853807934760081e-02,2.517944620796352950e+00
-7.775302996434663161e-02,-5.972888528666282781e-02,3.188112504678290549e+00
-1.158214657938897302e-01,-4.187668614312747839e-02,2.567986217902025192e+00
-1.237887109762423055e-01,-4.052822142601648914e-02,2.557120159442285878e+00
-1.476907622230550499e-01,-3.968782619725514521e-02,2.943127631913696529e+00
-1.479500169351194439e-01,-3.445183954651128561e-02,2.612093884747578088e+00
-1.489797486853046138e-01,-3.376499931678395017e-02,2.575019802812993142e+00
-1.525991608638918029e-01,-3.185015133199349535e-02,2.557083420462293422e+00
-1.607229889783373389e-01,-2.913728487897875030e-02,2.535050102354229118e+00
-1.620623374602324918e-01,-2.817177052154737696e-02,2.528774733165451316e+00
-1.672633518730136382e-01,-2.840492379130251169e-02,2.534217324270025884e+00
-1.788436782965250327e-01,-2.785619762356596543e-02,2.544091454854732870e+00
-1.812573478065271082e-01,-2.768623256616525516e-02,2.549120447506938447e+00
-1.879156675534059406e-01,-2.866651567255415131e-02,2.553133176226216161e+00
-2.032078670836622025e-01,-2.860050787631385899e-02,2.559231766464738822e+00
-2.064762416528606037e-01,-2.829828927127903820e-02,2.564760216458186193e+00
-2.132642731141192738e-01,-2.619725952134156766e-02,2.571605995009366818e+00
-2.330247754141075434e-01,-2.469403317291362504e-02,2.608315638912584777e+00
